{"bleu": 0.000982837390167455, "rougeL": 0.0464573413314498, "embed": 0.2989566686252753}